run_id,strategy,migration_time_s,downtime_s,packet_loss_during_migration_pct,latency_avg_pre_ms,latency_avg_during_ms,latency_avg_post_ms,state_inconsistency,state_size_bytes
run_1024_20251124T220439,precopy,1.1098108291625977,1.1461892127990723,23.809523809523807,1.8300367647058824,10.2555625,2.2070000000000003,2,61570
run_1024_20251124T221939,precopy,1.1763074398040771,1.2027809619903564,25.0,2.009856088560886,9.203066666666667,1.587,0,61570
run_16384_20251124T222010,precopy,1.121870517730713,1.156869888305664,23.809523809523807,2.1138297101449277,3.3076875,1.9536666666666667,2,983171
run_65536_20251124T222039,precopy,1.3836171627044678,1.411203145980835,22.727272727272727,2.3152905405405404,2.032764705882353,0.0,0,3932291
run_262144_20251124T222110,precopy,1.0432515144348145,1.0915720462799072,27.77777777777778,2.89768085106383,13.345,12.082333333333333,3,15728772
run_1048576_20251124T222140,precopy,1.1462852954864502,1.2005510330200195,21.73913043478261,7.842954810495627,12.824111111111112,27.728416666666668,3,62914693
run_1024_20251124T222628,precopy,1.1975183486938477,1.25278902053833,21.73913043478261,1.9394542124542125,8.098833333333333,1.825,2,61570
run_16384_20251124T222657,precopy,1.044597864151001,1.0817680358886719,29.411764705882355,1.9950479704797048,2.023416666666667,2.37,2,966786
run_65536_20251124T222725,precopy,1.1387925148010254,1.1749541759490967,23.809523809523807,2.2955854545454546,16.3173125,4.15025,3,3932292
run_262144_20251124T222754,precopy,1.0816936492919922,1.0903968811035156,27.77777777777778,2.8269640287769784,13.272461538461538,9.835099999999999,1,15728773
run_1048576_20251124T222823,precopy,1.1968460083007812,1.227653980255127,23.809523809523807,6.971606779661017,17.6376875,24.8205,3,62914692
run_1024_20251124T224049,precopy,1.1044771671295166,1.1511669158935547,25.0,2.066783088235294,9.031666666666666,1.6665,3,61570
run_16384_20251124T224119,precopy,1.1937556266784668,1.2009496688842773,20.0,1.9467391304347825,24.54925,0.0,2,1015939
run_65536_20251124T224148,precopy,1.1283361911773682,1.1759440898895264,25.0,2.1562463768115943,6.8148,2.8306666666666667,2,3932292
run_262144_20251124T224217,precopy,1.1645078659057617,1.202603816986084,31.25,3.029381625441696,7.0387272727272725,2.6235,0,15990916
run_1048576_20251124T224247,precopy,1.1487956047058105,1.272078037261963,29.411764705882355,6.388891525423729,5.3029166666666665,36.266999999999996,1,63963269
run_1024_20251124T224558,precopy,1.043527364730835,1.0630950927734375,20.0,1.920970695970696,1.97025,1.9975,1,61570
run_16384_20251124T224627,precopy,1.1036632061004639,1.14910888671875,29.411764705882355,2.3919261992619925,5.957416666666667,2.361,2,983170
run_65536_20251124T224657,precopy,1.139650583267212,1.1721501350402832,23.809523809523807,2.1171029411764706,8.877812500000001,2.63625,1,3932292
run_262144_20251124T224727,precopy,1.172109842300415,1.1965749263763428,23.809523809523807,2.8344751773049643,10.6708125,8.452333333333334,1,15728773
run_1048576_20251124T224756,precopy,1.110112190246582,1.1619210243225098,27.77777777777778,6.688479865771812,8.554,47.3845,2,62914693
run_1024_20251124T225716,precopy,1.0497138500213623,1.0593669414520264,29.411764705882355,2.098345588235294,6.3646666666666665,1.8599999999999999,2,61570
run_16384_20251124T225746,precopy,1.0936717987060547,1.1241190433502197,26.31578947368421,2.1687802197802197,2.582,1.923,1,983171
run_65536_20251124T225815,precopy,1.1412310600280762,1.1975839138031006,27.77777777777778,2.2422,12.114846153846155,2.1826666666666665,3,3932291
run_262144_20251124T225844,precopy,1.2569379806518555,1.2933690547943115,26.31578947368421,3.880719298245614,4.008785714285715,0.0,0,15990917
run_1048576_20251124T225914,precopy,1.178302526473999,1.1964709758758545,26.31578947368421,7.568715254237288,37.97392857142857,37.85986666666667,3,62914693
run_1024_20251124T230549,precopy,1.0773918628692627,1.1006808280944824,17.647058823529413,1.8842407407407407,1.5971428571428572,1.738,1,60545
run_16384_20251124T230618,precopy,1.1475679874420166,1.1814839839935303,23.809523809523807,2.317441605839416,11.8260625,3.16925,1,983171
run_65536_20251124T230647,precopy,1.0828752517700195,1.095458984375,29.411764705882355,2.187675182481752,5.056666666666667,3.405,1,3932292
run_262144_20251124T230715,precopy,1.1425611972808838,1.154494047164917,23.809523809523807,3.120508896797153,15.527624999999999,7.123285714285714,3,15728773
run_1048576_20251124T230745,precopy,1.126493215560913,1.1578550338745117,38.46153846153847,9.387408163265306,11.23275,10.381,0,62914693
run_4194304_20251124T230815,precopy,1.3615648746490479,1.3636980056762695,6.25,27.70207462686567,220.9068,0.0,0,251658374
run_16777216_20251124T230848,precopy,1.2448923587799072,1.263936996459961,16.666666666666664,178.65738490566036,675.6246,0.0,0,704643206
run_1024_20251124T231103,precopy,1.342829942703247,1.3526966571807861,25.0,2.020682656826568,1.6719333333333333,0.0,0,61570
run_16384_20251124T231133,precopy,1.1369221210479736,1.1512360572814941,25.0,2.02076,1.9106,1.9995,1,999555
run_65536_20251124T231202,precopy,1.2060821056365967,1.2172720432281494,21.73913043478261,2.2611786941580756,12.458833333333333,2.6326666666666667,1,4325508
run_262144_20251124T231232,precopy,1.2089664936065674,1.2638039588928223,26.666666666666668,3.046217252396166,64.57081818181818,0.0,0,18350212
run_1048576_20251124T231304,precopy,1.2146074771881104,1.3041558265686035,29.411764705882355,7.207852233676976,12.464666666666666,31.467666666666666,0,62914692
run_4194304_20251124T231334,precopy,1.1380138397216797,1.304837942123413,5.88235294117647,25.511561194029852,210.63468749999998,132.0058,2,251658373
run_16777216_20251124T231406,precopy,1.7136874198913574,1.7392868995666504,18.181818181818183,170.85498501872658,414.1798888888889,0.0,0,704643206
run_16777216_20251124T235839,precopy,1.8756413459777832,1.8900034427642822,0.0,182.1859962406015,664.247,0.0,0,704643205
run_16777216_20251125T000329,precopy,1.530968189239502,1.5518903732299805,11.11111111111111,189.12146183206107,530.308125,0.0,0,687865990
